Latitude,Longitude
1.368632982,103.844524
1.377987473,103.8426025
1.367035534,103.8381811
1.368509827,103.8386753
1.368000222,103.8368096
1.36696761,103.8404175
1.366237056,103.8430464
1.368127559,103.8463132
1.364753412,103.8493977
1.362769307,103.8516275
1.370363052,103.8383207
1.371649928,103.8374643
1.367361242,103.8487183
1.370451119,103.8436999
1.368646393,103.8540815
1.366407128,103.8552788
1.368113068,103.8555566
1.363963706,103.8545884
1.365691621,103.8411922
1.362356151,103.8569821
1.364936935,103.8569326
1.366580182,103.8573639
1.365996736,103.8592673
1.367205743,103.8589905
1.370917693,103.8552305
1.370558167,103.8592466
1.370371281,103.8546523
1.371329606,103.8577971
1.369470739,103.8343753
1.370385433,103.8469225
1.370865023,103.8468773
1.372434359,103.8459154
1.373896221,103.8581398
1.374464495,103.8559134
1.375176821,103.8493957
1.370506585,103.8534735
1.371029159,103.8594172
1.380544931,103.8356606
1.379686324,103.8378049
1.368392487,103.8413018
1.380009094,103.8407419
1.380760963,103.8435303
1.378848189,103.8408247
1.37865168,103.8438047
1.376086591,103.8385877
1.377977112,103.8388348
1.376251001,103.8399554
1.374648501,103.8383868
1.368756071,103.8433077
1.374355553,103.8364788
1.375674922,103.8363987
1.366826359,103.8578842
1.366280716,103.8472665
1.36807437,103.8443922
1.371859827,103.838316
1.369164311,103.8318542
1.301063272,103.854118
1.32100429,103.8850609
1.328283495,103.8446199
1.370349801,103.8357183
1.365540013,103.8446194
1.368886198,103.834531
1.364697733,103.8460886
1.364588291,103.847653
1.370532524,103.8343768
1.368584224,103.8573099
1.372178323,103.8533964
1.369915002,103.8466985
1.372358192,103.8513967
1.371639242,103.8419478
1.303876719,103.7826318
1.302848684,103.7836668
1.305913234,103.7811547
1.304738893,103.7816745
1.307343527,103.7844633
1.305807721,103.7855911
1.304771377,103.785192
1.307284363,103.7834396
1.285582555,103.8032153
1.329028331,103.9337077
1.328342005,103.9303962
1.323501118,103.9405595
1.324217738,103.9418572
1.321924546,103.940961
1.319799714,103.9434204
1.328177963,103.9410465
1.33264716,103.9382946
1.332969119,103.9404903
1.334307987,103.9403406
1.334117747,103.9380381
1.33254479,103.9355711
1.329942835,103.9387534
1.328501234,103.9388502
1.32741067,103.9367575
1.327240858,103.9358002
1.328312294,103.9356734
1.329058097,103.9351762
1.332549948,103.9327701
1.332554918,103.9314929
1.332451791,103.9308212
1.331105187,103.9276034
1.333971252,103.9275088
1.332264404,103.9229186
1.331679984,103.925429
1.331321224,103.924182
1.330895915,103.9222478
1.330095928,103.9234212
1.332185767,103.9266682
1.330447091,103.9130666
1.3321465,103.9163962
1.33390918,103.9178942
1.334251489,103.9151772
1.333363744,103.9152037
1.335843395,103.9190193
1.337459185,103.9259534
1.326330497,103.9303395
1.337194222,103.9290567
1.338153727,103.9226165
1.32003291,103.9456593
1.330548155,103.9043396
1.332015772,103.9063948
1.333426184,103.9419707
1.32513124,103.9319217
1.326289845,103.9279955
1.324293889,103.9243004
1.33437706,103.9073898
1.332492268,103.9069672
1.332846853,103.9090553
1.336776156,103.9374066
1.327131692,103.934037
1.326521502,103.93484
1.325881496,103.9282762
1.338268304,103.9233606
1.323211124,103.9349426
1.326469014,103.9222713
1.32622611,103.9342048
1.326080246,103.9413578
1.330720263,103.9355693
1.322250932,103.938324
1.330959179,103.9372655
1.330172709,103.9338152
1.332797324,103.9142523
1.321697394,103.9339351
1.332260166,103.9293574
1.331303628,103.9291792
1.32551298,103.9350827
1.32496629,103.9329516
1.33615579,103.9235081
1.33607942,103.9219169
1.327488075,103.9227613
1.296580028,103.8536632
1.346436654,103.7453823
1.350867071,103.7498822
1.344506283,103.7599178
1.343242885,103.7579336
1.347355328,103.7436955
1.349969285,103.7485105
1.365830635,103.7517718
1.347741037,103.8532954
1.349779455,103.8530414
1.350023317,103.8509698
1.344885541,103.8515276
1.358351091,103.8310862
1.34885537,103.8482018
1.349436594,103.849655
1.350095907,103.8497629
1.355154368,103.8483089
1.356656214,103.8486311
1.357925784,103.8480504
1.357463972,103.8464453
1.3601707,103.8448201
1.360961036,103.8436216
1.361420683,103.8430845
1.35749517,103.8445354
1.358007941,103.8444208
1.35889863,103.8445665
1.359196402,103.8419713
1.346495537,103.8483778
1.355561781,103.8445481
1.357770155,103.8315914
1.356308344,103.8436738
1.346177376,103.8509611
1.344748214,103.8518833
1.345004699,103.8530229
1.344436392,103.8553148
1.347170262,103.8561828
1.324991365,103.8424599
1.326045973,103.8428582
1.37395668,103.769323
1.378939287,103.7706552
1.380763687,103.7718799
1.380253263,103.7744886
1.377003622,103.7747788
1.378986938,103.7735291
1.377494482,103.7737819
1.377506517,103.7736203
1.381250233,103.7689457
1.38096997,103.7681115
1.384033759,103.7683839
1.376135031,103.7666613
1.386057947,103.7697817
1.38594478,103.770672
1.377634551,103.7729511
1.383267484,103.7704683
1.38489913,103.7717252
1.383809074,103.7726994
1.382640538,103.7709504
1.378924834,103.765546
1.384938092,103.7676831
1.377310194,103.7693773
1.379119502,103.7720111
1.386262892,103.7652959
1.375459719,103.7723545
1.382825788,103.7629016
1.37551205,103.7654545
1.376921278,103.7642864
1.381720446,103.7616776
1.380648941,103.7649868
1.378687961,103.7650088
1.38718579,103.764603
1.38489746,103.7614868
1.388183995,103.7736013
1.379398409,103.7634643
1.379113361,103.7626379
1.389705481,103.7719198
1.388947394,103.7734725
1.386282945,103.760777
1.385891216,103.7589498
1.38752443,103.7712726
1.388262002,103.7694762
1.388979662,103.7678127
1.384268625,103.7713963
1.381315511,103.7702911
1.384704157,103.7587614
1.386248576,103.7577026
1.387349956,103.7579829
1.385381725,103.7699702
1.374612729,103.7737107
1.307818931,103.8515963
1.31445037,103.856841
1.312659416,103.8553227
1.307337213,103.8514638
1.317276303,103.8613681
1.343761841,103.7114251
1.344692588,103.7150352
1.347871241,103.7077407
1.346488452,103.7144373
1.348777281,103.7133457
1.349560589,103.7115798
1.345425134,103.7133909
1.31550644,103.8609587
1.286273508,103.8096692
1.289040737,103.8088479
1.285712448,103.8187026
1.286850768,103.8099531
1.285247296,103.8187602
1.287279708,103.8074079
1.283999331,103.8158232
1.283634706,103.8170992
1.287707766,103.8115278
1.283234333,103.8167334
1.28244913,103.816575
1.287667284,103.8089551
1.288431556,103.8076195
1.289533391,103.8137645
1.284626289,103.8231292
1.272794946,103.82487
1.274091691,103.8270043
1.32301854,103.8545043
1.326261839,103.8589644
1.32721508,103.8577183
1.325955651,103.8599835
1.32357726,103.8554214
1.324908971,103.8581906
1.323038825,103.8535358
1.325160011,103.8545583
1.31896257,103.8507431
1.306066749,103.850586
1.306596894,103.8507075
1.320747202,103.8661729
1.326485488,103.856729
1.321486174,103.8547025
1.322730325,103.856074
1.327543828,103.8594859
1.327783114,103.8611934
1.324373897,103.855402
1.286783924,103.8332897
1.286963082,103.829641
1.28631122,103.8286983
1.283492803,103.8233757
1.286875302,103.8066545
1.318463207,103.7689629
1.31589499,103.7661416
1.321789844,103.7661061
1.320563371,103.7661798
1.317392375,103.7651855
1.314313927,103.7624816
1.313857729,103.7638966
1.312271663,103.7633744
1.311756081,103.764187
1.313347821,103.7652617
1.31101494,103.7670417
1.311661194,103.7665267
1.321746371,103.7702155
1.322392723,103.7690555
1.322587761,103.7699291
1.322242263,103.7705128
1.322361744,103.7620715
1.312614612,103.7592318
1.311360936,103.7591849
1.311458097,103.7614211
1.310563194,103.7605991
1.308625559,103.7590812
1.304559438,103.7668576
1.307010315,103.7609363
1.305612302,103.7614392
1.305309675,103.7635574
1.303538317,103.7639717
1.302806668,103.7625268
1.309813588,103.770131
1.31039274,103.7690923
1.311480109,103.7705025
1.313102659,103.7695739
1.314488114,103.7676912
1.314842819,103.7705785
1.316674657,103.7686311
1.317649249,103.7703123
1.301821057,103.7982057
1.328685732,103.9255768
1.329095861,103.921634
1.325761538,103.9213875
1.324822461,103.9234007
1.323513814,103.9235646
1.326895488,103.9194412
1.327720116,103.9259951
1.301636409,103.7967914
1.377844092,103.7533965
1.380504753,103.7454349
1.378733823,103.7418689
1.381286117,103.7418157
1.382916724,103.7420406
1.380141023,103.7425287
1.37842621,103.740912
1.382073045,103.740691
1.380998423,103.7506231
1.380482819,103.7513306
1.379252781,103.7513717
1.383382965,103.7401337
1.384144351,103.7415069
1.383326163,103.7433099
1.382289998,103.7437438
1.3800848,103.7441717
1.379745712,103.7441108
1.378605924,103.7500625
1.379028877,103.7453811
1.378750233,103.7449384
1.377394775,103.7439627
1.388697686,103.7429514
1.388577246,103.741097
1.390326969,103.7423973
1.394052995,103.7422298
1.393017938,103.7448258
1.37949253,103.7499803
1.395380762,103.7461474
1.39095742,103.746457
1.392769042,103.7467304
1.392588835,103.7491367
1.394517941,103.7499668
1.39526631,103.7495321
1.397374522,103.7452218
1.39874473,103.743535
1.399642189,103.7475813
1.40065903,103.7502364
1.401554388,103.7501863
1.398136841,103.7491167
1.397112338,103.748509
1.401196047,103.7466707
1.402239354,103.7483237
1.40188001,103.7448791
1.376811917,103.7420381
1.380732698,103.7531056
1.404294434,103.7458738
1.40408942,103.7489176
1.403839486,103.7498899
1.402863501,103.7508843
1.399762834,103.751303
1.392019461,103.7440359
1.393971314,103.7455362
1.381035392,103.7531369
1.376687803,103.7386808
1.375547781,103.7409072
1.375294441,103.743387
1.373252753,103.7432164
1.37498244,103.7445083
1.374040452,103.7462067
1.376557232,103.7467137
1.37696478,103.7494232
1.382086079,103.7471057
1.381495974,103.7449178
1.380161829,103.7470141
1.383596356,103.7408248
1.398325246,103.7467257
1.381152595,103.7365753
1.378597761,103.7379567
1.379248724,103.735608
1.377451844,103.7356619
1.37597356,103.7370709
1.375049975,103.7383621
1.377365192,103.7432966
1.292483012,103.8144006
1.319025352,103.7639686
1.319360001,103.7651868
1.274458074,103.8392166
1.303270836,103.8633077
1.30468354,103.8656582
1.305068654,103.8643248
1.307600179,103.854941
1.306249745,103.8546982
1.305524328,103.8633527
1.305505881,103.8623393
1.287438074,103.8411652
1.314744665,103.7640729
1.388329163,103.988178
1.389902483,103.9879889
1.389983118,103.9864869
1.316516433,103.8610276
1.300626028,103.8536649
1.280513156,103.8115435
1.281299376,103.8078531
1.280838377,103.8098679
1.280870652,103.8123659
1.281331883,103.8094774
1.276977381,103.8410541
1.295216241,103.8119707
1.322615728,103.9044421
1.321156734,103.9044758
1.320516456,103.9026924
1.317783703,103.9016257
1.319226865,103.9032081
1.320029988,103.9016271
1.318846467,103.8983797
1.277163553,103.8399127
1.276184436,103.8389082
1.318278391,103.8077126
1.316694831,103.8062106
1.316875727,103.8075345
1.308758633,103.8613647
1.322772391,103.8686337
1.319887489,103.8834378
1.321205443,103.8869925
1.31975879,103.8862991
1.319209948,103.8842356
1.320962409,103.8863088
1.317500992,103.8873633
1.320036814,103.8876027
1.312554633,103.7869456
1.309354432,103.7843689
1.311601403,103.7881601
1.310938079,103.7872362
1.311155905,103.7888531
1.310381853,103.7885108
1.309441605,103.7887282
1.309611071,103.7876523
1.317031228,103.8984885
1.288167858,103.8278571
1.288989741,103.8269788
1.291008687,103.8325154
1.288093897,103.8293714
1.291369664,103.8289836
1.287726965,103.8309221
1.289046048,103.8215599
1.289222143,103.8223554
1.288210023,103.8186506
1.286423061,103.8203888
1.290540619,103.8209851
1.284668093,103.8209853
1.284719003,103.8217117
1.283470913,103.8227829
1.283707366,103.8211938
1.354547713,103.8904836
1.365959085,103.8949804
1.366695127,103.898161
1.367835186,103.8985638
1.369197833,103.8964277
1.358960838,103.8867122
1.359726451,103.8880915
1.357675485,103.8879577
1.358056283,103.8889504
1.352785006,103.884153
1.378663847,103.9017851
1.375720843,103.9006892
1.377389684,103.9036743
1.363743381,103.8941133
1.362916282,103.8920255
1.350283507,103.8864275
1.352473457,103.8804324
1.357512578,103.8915463
1.359798107,103.8916917
1.359827339,103.8868899
1.372342271,103.8990805
1.376372318,103.9007208
1.375529907,103.8824558
1.37006822,103.8972496
1.379423099,103.8873921
1.373259132,103.8969659
1.375484544,103.8963178
1.371379058,103.8860602
1.369567772,103.8843751
1.369942472,103.8815031
1.366489723,103.8889637
1.366118548,103.8876039
1.373008633,103.8873707
1.372520863,103.8896986
1.364230425,103.8909834
1.37127612,103.8793501
1.374161036,103.8834179
1.372113117,103.8843042
1.37364879,103.8863297
1.375903827,103.88613
1.375857848,103.886963
1.371184089,103.8939622
1.37542517,103.8940937
1.378793343,103.8947593
1.365355318,103.8923108
1.377331836,103.8913337
1.378651048,103.8901131
1.38028263,103.8897556
1.370871826,103.8907031
1.356644354,103.8843547
1.37268343,103.8932122
1.371203251,103.8901223
1.379004378,103.8911938
1.379654028,103.8891544
1.380826996,103.8885596
1.374341253,103.8862976
1.374292663,103.8958176
1.369924451,103.8918395
1.369980742,103.8929698
1.353652999,103.887803
1.377702696,103.8863739
1.378304455,103.8835515
1.350820191,103.8880705
1.350591594,103.8889979
1.375454194,103.8842441
1.376775646,103.8832659
1.376048072,103.8804913
1.374190131,103.8790675
1.374661406,103.880528
1.375920928,103.8778632
1.376002601,103.8886
1.37784239,103.894029
1.358910533,103.8845199
1.377881421,103.8778435
1.378017496,103.8802201
1.362267218,103.8900702
1.379917677,103.8801175
1.381561002,103.8806478
1.353977867,103.8901002
1.352681252,103.8897691
1.371222138,103.8947574
1.379905358,103.8776874
1.358648388,103.8852387
1.284852235,103.8455194
1.311462635,103.8975454
1.312632457,103.8970287
1.313980131,103.8963877
1.314692406,103.8960014
1.313018646,103.8950993
1.289869482,103.8277184
1.336429723,103.7380983
1.342016683,103.7400937
1.342919667,103.7399377
1.343362925,103.7382609
1.34409384,103.7390798
1.344041811,103.7414179
1.344401082,103.7356433
1.34566908,103.7354734
1.346890757,103.7348451
1.347925792,103.7339566
1.33860776,103.7367713
1.346203838,103.7324764
1.34906413,103.7298694
1.351320352,103.7301985
1.35002832,103.7320159
1.349019191,103.7321332
1.345732556,103.7310609
1.344863969,103.7316456
1.34492186,103.7305968
1.346887336,103.7166694
1.348626161,103.7169183
1.339494837,103.7354848
1.345806661,103.7204749
1.34577449,103.7178799
1.347067663,103.7200857
1.348117157,103.7195176
1.35217192,103.7154564
1.351295962,103.7158018
1.350157499,103.7213475
1.337530169,103.7419026
1.350029732,103.7228784
1.348289456,103.7220323
1.347924854,103.7252685
1.346847611,103.7246365
1.348985181,103.7267854
1.349754137,103.7190584
1.350257476,103.7180208
1.352172767,103.7184799
1.353455799,103.7189495
1.353782582,103.719676
1.338314475,103.7424182
1.353707209,103.7225209
1.353556074,103.7246295
1.351436402,103.7245942
1.35074095,103.7267264
1.349926571,103.7245099
1.348637315,103.7242909
1.334892647,103.7393111
1.333976117,103.7391199
1.334467592,103.739858
1.3390681,103.7388514
1.349371297,103.7178978
1.34007678,103.6884249
1.339873028,103.6865554
1.341779263,103.6864428
1.344473346,103.7318524
1.342770487,103.6892958
1.341298039,103.6911289
1.341643989,103.6927623
1.34205593,103.6919225
1.339687397,103.6936407
1.341543873,103.7380331
1.343687036,103.6935087
1.346227648,103.6941744
1.347267285,103.6977338
1.343995386,103.6982221
1.342664584,103.6961123
1.34284512,103.6968539
1.34413466,103.693089
1.344304412,103.6945292
1.347445424,103.6985606
1.341565855,103.6951233
1.346501084,103.6949388
1.340430194,103.741574
1.345547343,103.7009695
1.349591459,103.7001773
1.350220653,103.6950644
1.347724683,103.6964786
1.34997719,103.6962349
1.341679268,103.7072062
1.342375345,103.7059008
1.342122435,103.7420009
1.341534087,103.7474295
1.337468214,103.7440956
1.337492089,103.7468549
1.339192631,103.7450897
1.339672342,103.7431969
1.340074019,103.7470869
1.341478738,103.7448916
1.342389295,103.7459395
1.339778802,103.696857
1.339733303,103.696043
1.301627607,103.8829967
1.30052504,103.8842884
1.303483221,103.8831688
1.27919666,103.8271259
1.280153446,103.825292
1.315252951,103.898856
1.287187976,103.8390028
1.288164623,103.8396404
1.345070539,103.7206504
1.338948679,103.6972875
1.34179679,103.704149
1.341120971,103.6984364
1.339470947,103.6997449
1.342400674,103.6987696
1.340888829,103.7000824
1.337215564,103.702123
1.335313826,103.7040861
1.342996629,103.6995293
1.351973692,103.7028211
1.34393554,103.7049636
1.335377086,103.7009565
1.337074567,103.6971779
1.344748542,103.7025917
1.335287484,103.6980598
1.34430368,103.7006282
1.345572547,103.7031337
1.346304767,103.7045845
1.344589047,103.7060668
1.350499126,103.7038848
1.342026652,103.6975593
1.341599934,103.7080809
1.344441894,103.7039127
1.339485124,103.7031426
1.342485928,103.7030065
1.338659212,103.6968179
1.282596291,103.8255985
1.30716702,103.8618542
1.289358727,103.8103277
1.348417852,103.7252129
1.309415365,103.8844165
1.307862293,103.8893036
1.308736475,103.8823513
1.307538013,103.8835436
1.310554774,103.8844833
1.308894519,103.8860169
1.281925921,103.8432686
1.282330162,103.8432576
1.28057211,103.8427729
1.323573604,103.8689003
1.318903304,103.8635926
1.320582681,103.863722
1.3191062,103.8615866
1.320557705,103.8700619
1.31766412,103.8629102
1.322703301,103.8657335
1.323749477,103.8664426
1.320828035,103.8696551
1.323129961,103.870683
1.321585781,103.8704784
1.320239288,103.8691246
1.32975278,103.9089061
1.332528724,103.9105553
1.333909323,103.9119596
1.334021142,103.9114101
1.3336671,103.9132461
1.308916692,103.8525143
1.313633834,103.8520412
1.313250655,103.8506799
1.314426616,103.8499306
1.316586908,103.8514702
1.316045977,103.8488762
1.311679344,103.8520472
1.312220882,103.8516064
1.306163378,103.8568336
1.310112141,103.8839461
1.30877082,103.8877371
1.308503978,103.8829465
1.308492553,103.8853628
1.283069383,103.828651
1.28344648,103.8274762
1.280639435,103.828648
1.281481446,103.8272973
1.282529097,103.8294614
1.329495355,103.9030838
1.32767355,103.9043452
1.326421438,103.9024516
1.325554722,103.9000514
1.329908127,103.9010898
1.349505832,103.8753546
1.289296904,103.8152284
1.323036536,103.9115756
1.323908174,103.9108737
1.323074781,103.8864364
1.328431167,103.8866723
1.327590453,103.8872656
1.324225444,103.8881777
1.330680856,103.8857074
1.322312871,103.882793
1.323245792,103.8821727
1.327281852,103.885915
1.326703518,103.885456
1.327677409,103.8856051
1.327153049,103.8874767
1.329022794,103.8876597
1.29203197,103.8035302
1.3304551,103.8870636
1.324339688,103.8860942
1.326266278,103.8880186
1.329329657,103.8854866
1.322029474,103.8592002
1.318049689,103.8563684
1.321042155,103.8598354
1.320540215,103.8594305
1.30481836,103.9175222
1.303181701,103.9076499
1.302545176,103.9069507
1.302682472,103.9059786
1.301980581,103.9066578
1.306127767,103.9148955
1.301311862,103.9063486
1.302855262,103.91001
1.304224614,103.9166577
1.303636521,103.9128796
1.306109647,103.9161652
1.305448024,103.9124784
1.304672037,103.9125692
1.30549658,103.9163814
1.305581278,103.9146888
1.304003617,103.8630104
1.399325523,103.907016
1.321204214,103.7483559
1.320567395,103.7481941
1.32069016,103.7504078
1.319353618,103.7491754
1.319834823,103.7481482
1.319882381,103.7471648
1.318821467,103.747384
1.400096829,103.9060155
1.398456837,103.9057745
1.397227162,103.9056229
1.396877555,103.9076419
1.394228446,103.9109139
1.392923918,103.9125375
1.396647592,103.9103062
1.398114413,103.9086506
1.392370667,103.9094061
1.402396877,103.9050495
1.394862519,103.912585
1.398608857,103.9093683
1.398717291,103.9163889
1.396092847,103.9143165
1.399684772,103.9101039
1.399555867,103.9151959
1.394970785,103.9154658
1.397739898,103.9159112
1.399766897,103.9036886
1.39955196,103.908336
1.395519825,103.9117777
1.397283842,103.9153032
1.39846314,103.9030729
1.402009204,103.906516
1.400538847,103.913266
1.394353945,103.9140938
1.40484725,103.9046067
1.403862281,103.9079825
1.403119329,103.9072935
1.406019757,103.9062231
1.403234914,103.9096571
1.404599231,103.9086339
1.404000204,103.8979528
1.403721063,103.8991503
1.402651088,103.9019427
1.402126424,103.9116973
1.401714398,103.9030958
1.39362938,103.9145002
1.400259432,103.9116298
1.403005118,103.9003838
1.399318536,103.9003918
1.401419289,103.8994382
1.400010435,103.8986761
1.410195118,103.9014605
1.405276533,103.8982109
1.404506226,103.8953443
1.405404806,103.8968416
1.407069979,103.9117299
1.401920864,103.9146872
1.399914839,103.9167907
1.408109322,103.8987607
1.405822999,103.9132581
1.406114902,103.9088899
1.405533926,103.8955284
1.409762448,103.8997228
1.393583292,103.9083695
1.40847387,103.8975134
1.402849777,103.895639
1.402534759,103.9176146
1.403078094,103.893284
1.404017644,103.9157919
1.366746421,103.962474
1.366473555,103.9595977
1.364708433,103.9601054
1.364160134,103.9616771
1.362358733,103.9627206
1.362792853,103.9597007
1.36475655,103.9568798
1.367956778,103.9570227
1.370073066,103.9610129
1.368041633,103.947456
1.371196982,103.9494154
1.368562431,103.9522137
1.368681755,103.9495037
1.36718518,103.9513153
1.376390131,103.9456089
1.373867573,103.9439927
1.373960189,103.946596
1.374700109,103.947766
1.377333641,103.9433737
1.37180035,103.960933
1.375745384,103.9421772
1.379306774,103.9400987
1.377080924,103.9398767
1.378000605,103.938712
1.380769512,103.9386414
1.382416559,103.9370705
1.378947581,103.9372425
1.374105919,103.9614427
1.377947613,103.9353837
1.37873742,103.9341244
1.377177077,103.933147
1.375965618,103.9332995
1.374601955,103.9359049
1.373224587,103.938387
1.373770353,103.962608
1.370802196,103.9633947
1.367557638,103.9632499
1.37163599,103.9602559
1.368291967,103.9612161
1.334004902,103.869214
1.332680145,103.8660545
1.333601983,103.8658445
1.334732912,103.8661192
1.336313102,103.8632229
1.332283736,103.8676147
1.332194678,103.8660601
1.36733184,103.9579998
1.373738956,103.9571828
1.36871369,103.952683
1.369476386,103.9496188
1.366686089,103.9514927
1.367274803,103.9554428
1.371063423,103.9507156
1.372934646,103.9545205
1.369379059,103.957594
1.371009412,103.9576851
1.371267841,103.9595744
1.285450368,103.84227
1.368017156,103.9603263
1.296206346,103.8038246
1.29410861,103.8094946
1.30552382,103.7987539
1.30670479,103.7994973
1.307172812,103.8005433
1.306877426,103.7990047
1.306253309,103.8003917
1.311593204,103.7920156
1.294206414,103.7995693
1.308536481,103.7927017
1.307536743,103.7931643
1.306780988,103.7966732
1.308234591,103.7920457
1.294563482,103.8038719
1.308878937,103.7962384
1.292990561,103.8005597
1.306246135,103.7950498
1.307637808,103.8005611
1.295347167,103.8044053
1.327687747,103.8530706
1.328285544,103.8545641
1.307157291,103.8554168
1.286463927,103.8185776
1.287915777,103.8172732
1.287958318,103.8157926
1.396862609,103.8817469
1.389273974,103.9076001
1.396295624,103.8952657
1.390179473,103.8930395
1.389699761,103.894446
1.381380232,103.8900564
1.399229518,103.8896473
1.39809995,103.8969315
1.391571987,103.8798987
1.454820084,103.816755
1.3945617,103.8948302
1.293966567,103.8110073
1.446480287,103.8220573
1.452480883,103.8153178
1.451696111,103.8166379
1.453165066,103.8190629
1.454311059,103.8164337
1.448927181,103.8166936
1.448216045,103.8173212
1.450908114,103.82369
1.446448335,103.8205027
1.450271733,103.822508
1.451781286,103.8142356
1.451167557,103.8202883
1.450035381,103.8183892
1.450190059,103.824787
1.456465018,103.815224
1.456622416,103.8173965
1.454863339,103.8156384
1.453045093,103.8200734
1.444937699,103.8187405
1.455468086,103.8135398
1.455526679,103.8145232
1.450237534,103.8263772
1.451213898,103.8274329
1.445716569,103.8316018
1.447434316,103.8339823
1.444643047,103.8326927
1.444079707,103.8212732
1.446072465,103.8287072
1.446077602,103.818241
1.445341201,103.8225551
1.446614113,103.8149265
1.447080963,103.8171494
1.447603143,103.8154982
1.316572678,103.8770833
1.31638569,103.8794488
1.317329964,103.8792476
1.316578348,103.8802418
1.31176147,103.8734959
1.316132795,103.8784551
1.370226001,103.8734194
1.357843857,103.8730891
1.356571683,103.8703302
1.354552224,103.8699887
1.352894926,103.8694101
1.35261889,103.8677199
1.351714441,103.8677094
1.350197483,103.8704641
1.354744913,103.8736912
1.351577568,103.8720988
1.353436181,103.8720161
1.354156732,103.8721288
1.354049907,103.8708389
1.352764397,103.8714942
1.346310249,103.8727234
1.348961711,103.8741398
1.348394753,103.8762489
1.348195706,103.8736233
1.349902687,103.8757993
1.371511971,103.8736719
1.372284801,103.8722967
1.374161738,103.8726078
1.373941085,103.8743072
1.371587551,103.874889
1.373953245,103.8757153
1.373503672,103.8717029
1.372540957,103.870023
1.374047654,103.870212
1.37087974,103.8751047
1.370494627,103.8756824
1.353901343,103.8686104
1.35520986,103.8723892
1.356889532,103.8716334
1.369378095,103.8750505
1.368417342,103.8744599
1.323228034,103.8610063
1.325147,103.8621767
1.323307854,103.8631036
1.322696363,103.8602441
1.350736127,103.8381765
1.352048046,103.8368345
1.345569979,103.9571232
1.34517257,103.9592649
1.345870265,103.9589284
1.342044433,103.9572409
1.344011471,103.9519156
1.344856605,103.9522749
1.346901825,103.9556254
1.347429684,103.9562922
1.347209307,103.9571221
1.345775348,103.9554395
1.345370177,103.9581663
1.343593183,103.9535464
1.34252729,103.9522805
1.342966455,103.9589437
1.388406087,103.9041613
1.390264017,103.898236
1.388403181,103.8994635
1.38320148,103.900658
1.38817411,103.9007436
1.389815036,103.9053373
1.393603843,103.8995342
1.383729704,103.9009038
1.39467897,103.904551
1.394773253,103.9024282
1.390283407,103.9001141
1.38280472,103.9031595
1.387224448,103.9052154
1.386223373,103.9060947
1.393714384,103.9067577
1.39292097,103.8979558
1.393514342,103.8965586
1.385116452,103.9036057
1.387008719,103.8959008
1.388022573,103.8953899
1.386044181,103.8974259
1.393719842,103.8958413
1.393208223,103.9025659
1.387658346,103.8921644
1.388331502,103.8923997
1.39668095,103.9019708
1.395193571,103.8998436
1.388853429,103.8915411
1.39477668,103.8946894
1.396225748,103.8980479
1.382133018,103.9000621
1.390446756,103.8884034
1.388727954,103.8877762
1.396454582,103.8972496
1.389494371,103.8863803
1.39760052,103.8987382
1.392199196,103.8851114
1.390358119,103.8851823
1.390204066,103.8915078
1.39051302,103.8904558
1.387678488,103.9027451
1.393274849,103.8925612
1.393612513,103.8914761
1.392328842,103.8899065
1.392558479,103.887374
1.387144437,103.9077694
1.38944472,103.878212
1.395433668,103.8958422
1.389467324,103.9009374
1.387759583,103.87326
1.38810499,103.8748573
1.38404661,103.8979773
1.384390987,103.8957422
1.383647184,103.8970059
1.391666842,103.9069385
1.381947898,103.8970958
1.383065387,103.8942424
1.392506225,103.876334
1.389069203,103.8979912
1.384295703,103.8947422
1.382077469,103.8941882
1.38514135,103.8938882
1.386111897,103.8942447
1.392168391,103.8775962
1.391610102,103.875111
1.385299504,103.9001179
1.39031568,103.8765328
1.391683899,103.8740703
1.386081383,103.9000334
1.389833374,103.9021881
1.393921993,103.876526
1.392027527,103.8732758
1.390945963,103.9093985
1.394189407,103.8734051
1.389871314,103.9100192
1.394240249,103.8781373
1.394381201,103.87716
1.393152022,103.873122
1.394021103,103.8741039
1.394869673,103.888548
1.390814165,103.9059218
1.394852436,103.8923579
1.385494391,103.891522
1.386158412,103.8929012
1.393937054,103.8753818
1.39636523,103.8893447
1.397970335,103.8898572
1.39291337,103.8782509
1.392860433,103.8862412
1.389592865,103.8800802
1.397023915,103.8785259
1.281675799,103.842977
1.357918085,103.8393282
1.354705141,103.8390666
1.355495312,103.8368427
1.293322433,103.8075822
1.273925817,103.8356316
1.275095461,103.8361731
1.292850191,103.8099398
1.290264277,103.8031927
1.2898291,103.8037024
1.347395724,103.9462336
1.350826206,103.943317
1.35108601,103.9457646
1.349023987,103.9457387
1.353207564,103.9527616
1.352550051,103.9523121
1.351983646,103.9532687
1.353137417,103.9539457
1.354534086,103.9533459
1.356214509,103.9473603
1.354435326,103.947279
1.352670759,103.947108
1.352220928,103.9490982
1.353005364,103.9481913
1.354229234,103.9493984
1.353968765,103.9509606
1.346598132,103.9474328
1.351063981,103.9494156
1.351123536,103.9479787
1.348943596,103.9504465
1.348911627,103.9526858
1.348883331,103.9542377
1.347358095,103.9368644
1.350012803,103.9392666
1.346177595,103.9395894
1.345420018,103.9498142
1.348285841,103.9352805
1.349288542,103.9327241
1.351151382,103.9343341
1.350712225,103.9353733
1.3530664094959757,103.93520583669454
1.3548701,103.9368995
1.354915149,103.9350607
1.3538868384205671,103.9328499922338
1.3519908804646168,103.9314300003584
1.3514152142357765,103.9334184109358
1.350722445,103.9310008951129
1.348714432149249,103.93168715674258
1.3562947494882842,103.9452519486387
1.3507467407006724,103.93306936325644
1.3454696968798134,103.94580540367224
1.358094178397361,103.94561015235348
1.3580855596311423,103.94692216628565
1.359414220220775,103.94821346132834
1.3593290032416814,103.95045443431653
1.360167740225151,103.95164211871052
1.3616776500027663,103.95277496065592
1.3576773100672723,103.95121107233172
1.357412763997765,103.95446944142742
1.3464142307721685,103.94419007328725
1.359798752392413,103.95457297696636
1.3603298279240847,103.95796754389444
1.3478163316816278,103.9436467114982
1.355179876,103.9459519
1.360293334,103.9531551
1.27240639,103.8232074
1.270612626,103.8235355
1.281825212,103.8073453
1.274814857,103.8130198
1.276512272,103.8098117
1.274664691,103.8087104
1.277570075,103.8193406
1.273911369,103.807581
1.281342169,103.8152189
1.27202504,103.809112
1.276839183,103.8194677
1.273950797,103.8221513
1.273451485,103.8213992
1.272644048,103.8207549
1.273288998,103.8222334
1.275743058,103.8206896
1.278973025,103.8176008
1.277489245,103.8211642
1.271791286,103.8106687
1.275304365,103.8092233
1.273374336,103.8089728
1.277305538,103.8078117
1.274998507,103.8117515
1.273333001,103.8111114
1.27626612,103.8108358
1.273796254,103.8069013
1.281313715,103.826454
1.28322666,103.8305746
1.276980582,103.8288547
1.279982297,103.82508
1.277371664,103.8307877
1.323312993,103.7376345
1.321563395,103.7376214
1.320634993,103.7389774
1.321825139,103.7410927
1.320145363,103.742291
1.32110993,103.7388752
1.323261329,103.7393284
1.322522222,103.7372518
1.321749687,103.7393415
1.337119757,103.7204589
1.330101424,103.7222392
1.33859457,103.7228702
1.340049501,103.720183
1.337109414,103.7232498
1.333949932,103.7245092
1.332900639,103.722484
1.336207856,103.7245298
1.332313569,103.7217797
1.3278375,103.7233188
1.353353646,103.9602551
1.354400372,103.9585245
1.355797193,103.9572147
1.356357094,103.9591007
1.349053032,103.9305553
1.357730625,103.9522237
1.355754807,103.9502311
1.351249841,103.9380026
1.352397971,103.9380349
1.357342655,103.9593449
1.358142718,103.9610215
1.351413327,103.9604738
1.352264487,103.9628295
1.354661486,103.9621811
1.355417948,103.9614424
1.358714747,103.9584951
1.35982668,103.9596252
1.360653005,103.9598885
1.362780183,103.9568641
1.360685386,103.9591088
1.361262783,103.950565
1.35687383,103.9366514
1.358751856,103.9366554
1.356363667,103.9360719
1.35721981,103.9334329
1.359914848,103.9341393
1.357162986,103.9390733
1.356176844,103.9386072
1.363095229,103.9521615
1.347523987,103.9414489
1.348936975,103.9335075
1.353387178,103.9522347
1.359200025,103.9563169
1.355347417,103.933003
1.358546579,103.9384438
1.356783796,103.94023
1.347078274,103.9341414
1.363979776,103.9530237
1.363086209,103.9541599
1.35644833,103.9311196
1.351182904,103.9287561
1.353247814,103.9563494
1.352808967,103.9576252
1.351500692,103.9572043
1.334916138,103.8535916
1.334027341,103.852107
1.335888611,103.8524077
1.3374794,103.8508335
1.333245746,103.8483162
1.333773023,103.8485933
1.332589321,103.8507445
1.336179632,103.8482415
1.33102242,103.8444876
1.334200937,103.8440423
1.337544128,103.8452676
1.335341206,103.8515502
1.337988183,103.8524333
1.336263105,103.8537886
1.339518206,103.8542126
1.331687195,103.8567142
1.334766071,103.8572377
1.341408653,103.8545392
1.342442066,103.8555524
1.341438888,103.8564559
1.34016499,103.8522587
1.341419702,103.8504611
1.341762454,103.8490328
1.332749275,103.8571109
1.335994695,103.8566064
1.2754814,103.8422974
1.339270204,103.8470872
1.330749004,103.8422339
1.335754158,103.8493461
1.335818685,103.8473399
1.334759982,103.8546234
1.339849706,103.8459218
1.336635251,103.859286
1.33650366,103.8511336
1.333033168,103.845225
1.341935891,103.8461607
1.330208075,103.8449112
1.33510317,103.8456344
1.33822914,103.8440355
1.33202292,103.8573979
1.334266202,103.8454805
1.330976905,103.8585718
1.338225876,103.8589232
1.339014103,103.8580037
1.334893016,103.8485785
1.336684166,103.8448014
1.336978466,103.8428537
1.319730403,103.8611096
1.300331304,103.8836578
1.377688149,103.7551592
1.378749975,103.7544749
1.380330069,103.754505
1.382072511,103.7530985
1.379154477,103.757533
1.37963666,103.7565767
1.380388916,103.7573167
1.382886815,103.7539323
1.3483897030538512,103.7469815015126
1.3458035422394223,103.74372423643251
1.347420917160514,103.74330320604528
1.346961571872988,103.7494702726217
1.3478034470392637,103.75322229615708
1.3488837002445964,103.75543627209322
1.350095965630586,103.75680557319713
1.3510894124265482,103.75873338670804
1.3485028572348268,103.7583224418387
1.3498724840365028,103.7463092925488
1.357355414251484,103.74858361747692
1.3607643325149426,103.74651456484943
1.363021192581144,103.74556533338972
1.3639079799108047,103.7476453484868
1.363105248337555,103.75000996550132
1.3605163414436017,103.75013144078105
1.3595930873376008,103.7510650623109
1.357875739942018,103.75056115304278
1.3585921988080278,103.7492985771172
1.3513919565746573,103.74435163478556
1.3569143755680568,103.75269515817703
1.3569134027005978,103.75107360482858
1.3541002342229054,103.75261404178212
1.354978239276738,103.75130696430531
1.351733686,103.75370322750788
1.346726093,103.74457708245434
1.3497594316618116,103.7509888454806
1.3506535652617195,103.74321996303745
1.3486324014326818,103.7513683037047
1.349484597089057,103.75204834998098
1.3650831137412671,103.74593691879792
1.3469184920760715,103.75789892567175
1.3441682108010968,103.74762688341656
1.361434319414834,103.74877063043814
1.3501372413154815,103.7446778817919
1.347341945374161,103.75565170531787
1.364844191860774,103.74648387196036
1.3446076957155455,103.74501700592984
1.350732203,103.7552395
1.348029518209846,103.74410352317284
1.3487076641474551,103.74209266176062
1.3471619786173128,103.74189460190144
1.3458455725650604,103.74119258059378
1.333690960064609,103.87922883841432
1.3346544349367384,103.88062786479009
1.336513362900815,103.88118205349528
1.334497808822369,103.87921358148908
1.315597178768463,103.8713974642834
1.3152879383134115,103.87408821680054
1.3185357926218766,103.87395939841556
1.3147949856332546,103.87081170620418
1.3126416639773055,103.8726213533104
1.31310842,103.870389
1.428704451,103.7922404
1.4425443267246776,103.8057857
1.4412048068529706,103.80661662993374
1.445746024786316,103.7973359027688
1.4439746500177564,103.80753859127672
1.444667303245788,103.80885930281754
1.4429357583654907,103.80847852325772
1.429800753219901,103.7895969540579
1.4315825936761917,103.77530382788215
1.4450222780490796,103.7973367390792
1.4422667144055108,103.7727114502152
1.4427240737605191,103.77285658680606
1.4446407499964338,103.77220377085868
1.4435372787963516,103.77480790698282
1.4470522162943045,103.77297467231824
1.4366819678691551,103.78164722176744
1.4390425021751194,103.78044295062564
1.4396538699821997,103.77929680078404
1.4350380305730892,103.77475028200872
1.4338041068232417,103.77709593564964
1.4322112517060206,103.7811257108703
1.430630659297068,103.77940460740189
1.430651073,103.7762651
1.4413783621127558,103.78641906620312
1.439900282,103.79122797617217
1.4415962808239826,103.79201590186976
1.4399559095924364,103.79309111522484
1.429503833,103.77206088192752
1.4279814043261627,103.77516184012678
1.4266570986035876,103.77367553747732
1.4431678994132515,103.78902604693764
1.4429076813594603,103.7920282114778
1.4415585331697789,103.77598351244087
1.4407540972620323,103.77819425199444
1.4321375604828157,103.79160459490272
1.433285193345734,103.78930198286773
1.4341673493443643,103.79077629023028
1.4341445831100204,103.79151925139374
1.4413983720676704,103.78948653597392
1.431970592409052,103.79255620965728
1.4444941527419706,103.7914333167994
1.4311391533771194,103.7915236
1.4394188788314235,103.78907507943376
1.429747894,103.7934091
1.4323004696124666,103.79493449356129
1.4398048018687812,103.7944706
1.4325405687436867,103.79622188281232
1.4381599526106752,103.79146735457718
1.4367821347980243,103.78945084654266
1.4309038101250413,103.79003156211462
1.430589086,103.7984436
1.4313637939924255,103.79669175117786
1.431042846289855,103.7955344604189
1.436050161908514,103.79225243917496
1.4291763831628466,103.79470011164352
1.4282160492998088,103.7946955206022
1.4363241513178475,103.79460976302974
1.441639403821218,103.77875344943128
1.433208958,103.7839164
1.4378959328949028,103.7970991462412
1.441136622188227,103.79593954136548
1.4409990777456674,103.7980367485862
1.4414572628380369,103.79904638599967
1.4397622607831475,103.80073252063568
1.4413907212842174,103.80055265037504
1.4447277856239684,103.79980332120448
1.4445112227938175,103.7968091402524
1.4431865217500428,103.79898848589772
1.4409284934835012,103.7986483826664
1.442625935785318,103.80191604139284
1.4433108832626174,103.80376969030884
1.443215597971402,103.79635353028424
1.4433046016684117,103.79557899104918
1.444918126458024,103.79510174281016
1.4460606062365589,103.79389846144092
1.4465930294621343,103.79602620929904
1.448205177851709,103.80357168153292
1.447818842,103.8041211
1.4470667,103.8049956
1.4477311107385056,103.79848075891503
1.448166564478985,103.8003423248312
1.4459803344589992,103.80004089789712
1.4445143800782152,103.80160710865408
1.436095529993995,103.79713081146268
1.434799594099613,103.79595447580022
1.4341072548071692,103.79916681748892
1.437361837024159,103.80114955716353
1.4385397149041883,103.8002309
1.4372209438676922,103.79871604274014
1.4375737147534358,103.79470325887428
1.4380124561754988,103.7936206
1.4358427798936686,103.79855433158924
1.4401825671949129,103.77634762861884
1.434117653198342,103.80008347560228
1.435100140490868,103.80116643027236
1.4362606314146178,103.80205527963084
1.4377828988775796,103.80259162468832
1.444172955416901,103.8017805689918
1.438891051,103.7979177
1.439629438,103.8035899
1.2988082936793757,103.85193775629875
1.3207700328402736,103.85324421211712
1.430844543,103.8280357
1.4238427576509682,103.83328227539955
1.4257754612189792,103.82995451109528
1.4367967427398245,103.83247154839638
1.431214895660833,103.8378649191046
1.43267364,103.8356612
1.4346481536841298,103.8368143
1.4330620867025687,103.83943828884162
1.4350634439033634,103.84116106834908
1.4357473677570436,103.83951188284264
1.437760383487596,103.83815752931211
1.432166554,103.8280589
1.4362620559312107,103.8378558361389
1.435359862100821,103.8348540091836
1.4215934162346626,103.8320795594478
1.4190888938084083,103.83331757837166
1.4166940619210937,103.83100850345711
1.4177128949709998,103.83265304611764
1.4128628780405508,103.83383747728313
1.414209709326059,103.83362348353376
1.4156282185552918,103.83400808643788
1.4154452845878196,103.83437146893566
1.417203224191933,103.83453541086584
1.4347114221949966,103.82888652134125
1.416557602,103.8357514
1.4166643684970777,103.8367408504231
1.4174854795044067,103.83859933016755
1.4222297063347271,103.83610980649031
1.4208182004212448,103.83617566424128
1.4192692693744124,103.83606560585068
1.419694459,103.8384739
1.4213038390585502,103.83798968420112
1.4335446820824216,103.82746981634772
1.434754102763714,103.83154084993242
1.4148476967339352,103.8367181827006
1.4301354067013483,103.83993155850987
1.4307503087343805,103.84088483144122
1.4288994741115364,103.84109893131044
1.427187275,103.8431882
1.427502625107835,103.84262983673828
1.426038896,103.8457669
1.4293878629366046,103.84781777851208
1.428367126,103.8475294955231
1.426061257,103.84781529914537
1.423968696795732,103.8472648560168
1.424393448769218,103.84750862385876
1.4311145317313538,103.83210758322952
1.4215030521485683,103.8470654773646
1.422743150569494,103.84556918695296
1.4203104377402072,103.84492031076054
1.4229240001101275,103.84601639752876
1.427311894,103.8370354
1.4254497490753062,103.83676278174175
1.432539248516593,103.83238250558868
1.4222737473710825,103.8491759298331
1.432523042353087,103.8341941282175
1.4211373154285916,103.84811947881228
1.420087946506236,103.84758824136468
1.430248913,103.84444690507712
1.4316036988968257,103.84498239177522
1.4324214241751303,103.84507151398266
1.432668821137827,103.8420225713242
1.4337649976433036,103.84228825846496
1.4183964969793306,103.8445959142874
1.416009366,103.844087
1.4273018179334416,103.8274505430138
1.414855443,103.8403692
1.41657976,103.840908
1.41913521,103.8415629
1.419627737,103.8416902
1.4294449190702871,103.83127807040324
1.4278309135202538,103.8340125658696
1.2865006247594717,103.83788672656208
1.29375,103.85718
1.30151,103.83641
1.30216,103.83601
1.30236,103.8349
1.30366,103.83327
1.3048,103.83063
1.26421,103.82263
1.25017,103.83126
1.26426,103.82011
1.29115,103.85728
1.3071,103.83359
1.302,103.83975
1.30403,103.83206
1.30084,103.83872
1.30072,103.83979
1.282250285,103.8583003
1.3343,103.74282
1.29251,103.86009
1.30048,103.83931
1.334847,103.746815
1.33341,103.740088
1.3038,103.83585
1.29027,103.85167
1.299781,103.84552
1.37974,103.7644
1.290678,103.84648
1.28944,103.86311
1.299748,103.85414
1.385126,103.74494
1.352524,103.9447
1.350521,103.84859
1.3248,103.92939
1.2911,103.8502
1.30103,103.84503
1.3053280313212745,103.82957069514488
1.2939260442319098,103.84886606187928
1.280790422979401,103.84717734239698
1.3241651253846305,103.81389905715554
1.314111031,103.85960539693774
1.3473952305359211,103.76148104730632
1.3013034071461544,103.86037519945218
1.320882494257288,103.95521451777432
1.288265760877135,103.84818289117744
1.3110998019417506,103.8397544342332
1.294103456467567,103.84455337328237
1.279121361423107,103.84307668605454
1.3058961275027456,103.8535673269418
1.2893051001281517,103.82465436208552
1.306893520703497,103.92999292150216
1.3116896699384313,103.86174541990424
1.3119377259846057,103.79266055694676
1.310779010541567,103.79325851931893
1.3085901317745132,103.85406595189492
1.2864010712092964,103.84732683484889
1.3416072968226134,103.7749835
1.3733164289278814,103.8290274381332
1.2740710679512592,103.79551529813892
1.3988702481648212,103.87298020876878
1.3102875316446452,103.86155503310928
1.310011717603521,103.86195254067124
1.306579163961294,103.8540518138273
1.3191579615926596,103.91187813269345
1.3902114129018883,103.98732091158162
1.3153286534479876,103.88280272824034
1.315033303904657,103.88959246038364
1.315072110919579,103.88717849223724
1.305166862591867,103.84955574725188
1.306415577124438,103.8470859
1.3252001004070917,103.84890841545035
1.2665572188609842,103.8203709854038
1.2746496875172093,103.84947277096812
1.3004199971190695,103.80301640122016
1.2793383109971352,103.84191274173004
1.3060825735308883,103.86355580061468
1.284380404146159,103.83543041047004
1.2751330286026683,103.84819161939348
1.3769386098723717,103.95649247971936
1.2833483597834672,103.84053784909122
1.276199590285395,103.79131016138152
1.3099941806456643,103.86276472942548
1.276704372,103.79566016940372
1.278902209141637,103.7856025
1.299808749,103.84212527391578
1.291597869104954,103.76812504370317
1.384591856813094,103.94380876998528
1.301759650174214,103.86086565472472
1.275357484608412,103.79247441821592
1.2774732980424977,103.8452672521994
1.304678940975563,103.80216512483725
1.372265468,103.8288231857784
1.3627998667047532,103.86632587825486
1.3566926857648622,103.83606317799318
1.2680395173231764,103.81759598210824
1.3024545607005944,103.86058819582028
1.4536053090322305,103.83312813744674
1.2869316650017533,103.82464089829917
1.3168901823921382,103.89522931567416
1.3068395612884625,103.89608109872438
1.304027885527464,103.89680482121815
1.332124201179418,103.9464677456276
1.310324224867271,103.85612855572867
1.3110802058970243,103.79619690369876
1.274548916040047,103.8414295793987
